id,name,account_id,bank_id
1,Tiffanie,1,8
2,Aleen,2,7
3,Anselm,3,2
4,Lyndsay,4,4
5,Aura,5,3
6,Corbie,6,2
7,Violette,7,5
8,Waylon,8,4
9,Fax,9,10
10,Gillian,10,2
11,June,11,2
12,Emmanuel,12,5
13,Merv,13,7
14,Fredrick,14,7
15,Mario,15,8
16,Sheelah,16,10
17,Ellwood,17,6
18,Eugenie,18,7
19,Consolata,19,4
20,Huberto,20,5
21,Taffy,21,4
22,Selena,22,2
23,Lesli,23,8
24,Debbie,24,3
25,Anna-diana,25,3
26,Korry,26,7
27,Judon,27,3
28,Hyman,28,9
29,Lilah,29,2
30,Shalne,30,6
31,Artair,31,7
32,Willis,32,6
33,Amie,33,4
34,Tybi,34,5
35,Nina,35,3
36,Clayborn,36,7
37,Bennie,37,5
38,Kippy,38,1
39,Cristie,39,1
40,Danni,40,1
