id,name,account_number,location,balance
1,Dibbert LLC,25,8103 Carey Avenue,375
2,Cronin-Friesen,77,1 Arkansas Crossing,261
3,Block-Fahey,1,74256 Service Park,333
4,"Reilly, Marks and Runolfsdottir",26,756 Onsgard Parkway,226
5,Stehr Inc,44,01104 Dorton Parkway,302
6,"Armstrong, Abernathy and Wisozk",58,903 Texas Road,873
7,VonRueden-Kunde,63,049 Talmadge Drive,837
8,Hahn Group,82,34 Kedzie Court,243
9,"Ebert, Bergstrom and Larson",47,630 New Castle Avenue,599
10,Spencer LLC,71,9 Rockefeller Center,102
11,Hayes-Kovacek,94,368 Anzinger Way,258
12,"Miller, Terry and Brekke",86,233 Macpherson Road,645
13,"Lowe, Corkery and Hettinger",91,529 Ludington Avenue,791
14,Littel Group,81,267 Vera Pass,185
15,Hills and Sons,57,49134 Gerald Park,404
16,"Wyman, Dicki and Gleichner",4,2130 Graceland Park,134
17,Daugherty-Morissette,37,082 Bartelt Park,955
18,Cummerata-Kunze,91,79288 1st Terrace,699
19,"Heaney, Wisozk and Blick",48,0 Green Ridge Way,195
20,"Pollich, Pfeffer and Toy",10,856 Springview Lane,857